{
  "src": [
    "voiceover.ogg",
    "voiceover.m4a",
    "voiceover.mp3",
    "voiceover.ac3"
  ],
  "sprite": {
    "0": [
      0,
      4374.988662131519
    ],
    "1": [
      6000,
      3500
    ],
    "2": [
      39000,
      3250
    ],
    "3": [
      44000,
      3250
    ],
    "4": [
      49000,
      4625.011337868479
    ],
    "5": [
      55000,
      4750
    ],
    "6": [
      61000,
      4500
    ],
    "7": [
      67000,
      3500
    ],
    "8": [
      72000,
      4500
    ],
    "9": [
      78000,
      4874.9886621315145
    ],
    "10": [
      11000,
      3125.0113378684805
    ],
    "11": [
      16000,
      4250
    ],
    "12": [
      22000,
      3750
    ],
    "13": [
      27000,
      5250
    ],
    "14": [
      34000,
      3500
    ]
  }
}